<?xml version="1.0"?>
<doc>
    <assembly>
        <name>LoggingSystem</name>
    </assembly>
    <members>
        <member name="T:LoggingSystem.ILogger">
            <summary>
            Интерфейс, реализуемый классом LogSystem. Содержит такие методы, как Trace, Debug, Info, Warning, Error и Fatal.
            Метод GetAssemblyVersion() класса LogSystem здесь отсутствует.
            </summary>
        </member>
        <member name="M:LoggingSystem.ILogger.Trace(System.String)">
            <summary>
            Метод Trace записывает самую мелкую и не самую значительной информации в логи во всех подробностях. Принимает текст, который нужно записать.
            </summary>
            <param name="text"></param>
        </member>
        <member name="M:LoggingSystem.ILogger.Debug(System.String)">
            <summary>
            Метод Debug записывает менее подробную и более общую информации в логи. Принимает текст, который нужно записать.
            </summary>
            <param name="text"></param>
        </member>
        <member name="M:LoggingSystem.ILogger.Info(System.String)">
            <summary>
            Используя метод Info стоит записывать только самую важную и общую информацию в логи. Принимает текст, который нужно записать.
            </summary>
            <param name="text"></param>
        </member>
        <member name="M:LoggingSystem.ILogger.Warning(System.String)">
            <summary>
            Метод Warning стоит использовать там, где в будущем может что-то пойти не так. Принимает текст, который нужно записать.
            </summary>
            <param name="text"></param>
        </member>
        <member name="M:LoggingSystem.ILogger.Error(System.String)">
            <summary>
            Записывает сообщение об ошибке. Принимает текст, который нужно записать.
            </summary>
            <param name="text"></param>
        </member>
        <member name="M:LoggingSystem.ILogger.Fatal(System.String)">
            <summary>
            По сути означает панику. Записывает сообщение и закрывает программу. Принимает текст, который нужно записать.
            </summary>
            <param name="text"></param>
        </member>
        <member name="T:LoggingSystem.LogSystem">
            <summary>
            Класс LogSystem в пространстве имён LoggingSystem. Имеет интерфейс ILogger, через который можно обращаться к методам логирования класса.
            Содержит такие методы, как Trace, Debug, Info, Warning, Error и Fatal.
            Для работы с этой системой логирования в классе можно просто создать private LogSystem LS = new LogSystem($"{Application.StartupPath}\\logs")
            </summary>
        </member>
        <member name="P:LoggingSystem.LogSystem.userFolderName">
            <summary>
            Свойство, хранящее в себе папку, в которую будут записываться логи
            </summary>
        </member>
        <member name="M:LoggingSystem.LogSystem.#ctor(System.String)">
            <summary>
            При создании экземпляра класса требуется указать папку, в которую будут записываться логи
            </summary>
            <param name="userFolderName"></param>
        </member>
        <member name="M:LoggingSystem.LogSystem.Trace(System.String)">
            <summary>
            Метод Trace записывает самую мелкую и не самую значительной информации в логи во всех подробностях. Принимает текст, который нужно записать.
            </summary>
            <param name="text"></param>
        </member>
        <member name="M:LoggingSystem.LogSystem.Debug(System.String)">
            <summary>
            Метод Debug записывает менее подробную и более общую информации в логи. Принимает текст, который нужно записать.
            </summary>
            <param name="text"></param>
        </member>
        <member name="M:LoggingSystem.LogSystem.Info(System.String)">
            <summary>
            Используя метод Info стоит записывать только самую важную и общую информацию в логи. Принимает текст, который нужно записать.
            </summary>
            <param name="text"></param>
        </member>
        <member name="M:LoggingSystem.LogSystem.Warning(System.String)">
            <summary>
            Метод Warning стоит использовать там, где в будущем может что-то пойти не так. Принимает текст, который нужно записать.
            </summary>
            <param name="text"></param>
        </member>
        <member name="M:LoggingSystem.LogSystem.Error(System.String)">
            <summary>
            Записывает сообщение об ошибке. Принимает текст, который нужно записать.
            </summary>
            <param name="text"></param>
        </member>
        <member name="M:LoggingSystem.LogSystem.Fatal(System.String)">
            <summary>
            По сути означает панику. Записывает сообщение и закрывает программу. Принимает текст, который нужно записать.
            </summary>
            <param name="text"></param>
        </member>
        <member name="M:LoggingSystem.LogSystem.GetAssemblyVersion">
            <summary>
            Возвращает версию сборки.
            </summary>
        </member>
    </members>
</doc>
