﻿<?xml version="1.0" encoding="utf-8"?>
<configuration>
  <appSettings>
    <programName>TextPad+</programName>
    <programVersion>2.1</programVersion>
    <programPath>D:\Ilya\Private\Scripts\C#\WF TextPad\bin\Release\net6.0-windows\</programPath>
    <programLang>ru</programLang>
    <webSite>https://mr-nichosik.github.io/Main_Page/</webSite>
    <TextPadVersion>https://mr-nichosik.github.io/TextPadVersion/</TextPadVersion>
    <webSiteInstaller>https://mr-nichosik.github.io/Main_Page/TP.zip</webSiteInstaller>
    <webSiteNewUpdateRu>https://mr-nichosik.github.io/TextPadNewUpdateRu/</webSiteNewUpdateRu>
    <webSiteNewUpdateEn>https://mr-nichosik.github.io/TextPadNewUpdateEn/</webSiteNewUpdateEn>
  </appSettings>
</configuration>